--
-- PostgreSQL database dump
--

-- Dumped from database version 12.9 (Ubuntu 12.9-2.pgdg20.04+1)
-- Dumped by pg_dump version 12.9 (Ubuntu 12.9-2.pgdg20.04+1)

SET statement_timeout = 0;
SET lock_timeout = 0;
SET idle_in_transaction_session_timeout = 0;
SET client_encoding = 'UTF8';
SET standard_conforming_strings = on;
SELECT pg_catalog.set_config('search_path', '', false);
SET check_function_bodies = false;
SET xmloption = content;
SET client_min_messages = warning;
SET row_security = off;

DROP DATABASE universe;
--
-- Name: universe; Type: DATABASE; Schema: -; Owner: freecodecamp
--

CREATE DATABASE universe WITH TEMPLATE = template0 ENCODING = 'UTF8' LC_COLLATE = 'C.UTF-8' LC_CTYPE = 'C.UTF-8';


ALTER DATABASE universe OWNER TO freecodecamp;

\connect universe

SET statement_timeout = 0;
SET lock_timeout = 0;
SET idle_in_transaction_session_timeout = 0;
SET client_encoding = 'UTF8';
SET standard_conforming_strings = on;
SELECT pg_catalog.set_config('search_path', '', false);
SET check_function_bodies = false;
SET xmloption = content;
SET client_min_messages = warning;
SET row_security = off;

SET default_tablespace = '';

SET default_table_access_method = heap;

--
-- Name: elements; Type: TABLE; Schema: public; Owner: freecodecamp
--

CREATE TABLE public.elements (
    elements_id integer NOT NULL,
    name character varying(25) NOT NULL,
    planet_id integer
);


ALTER TABLE public.elements OWNER TO freecodecamp;

--
-- Name: elements_elements_id_seq; Type: SEQUENCE; Schema: public; Owner: freecodecamp
--

CREATE SEQUENCE public.elements_elements_id_seq
    AS integer
    START WITH 1
    INCREMENT BY 1
    NO MINVALUE
    NO MAXVALUE
    CACHE 1;


ALTER TABLE public.elements_elements_id_seq OWNER TO freecodecamp;

--
-- Name: elements_elements_id_seq; Type: SEQUENCE OWNED BY; Schema: public; Owner: freecodecamp
--

ALTER SEQUENCE public.elements_elements_id_seq OWNED BY public.elements.elements_id;


--
-- Name: galaxy; Type: TABLE; Schema: public; Owner: freecodecamp
--

CREATE TABLE public.galaxy (
    galaxy_id integer NOT NULL,
    name character varying(25) NOT NULL,
    description text,
    galaxy_type character varying(15) NOT NULL,
    no_of_stars bigint
);


ALTER TABLE public.galaxy OWNER TO freecodecamp;

--
-- Name: galaxy_galaxy_id_seq; Type: SEQUENCE; Schema: public; Owner: freecodecamp
--

ALTER TABLE public.galaxy ALTER COLUMN galaxy_id ADD GENERATED ALWAYS AS IDENTITY (
    SEQUENCE NAME public.galaxy_galaxy_id_seq
    START WITH 1
    INCREMENT BY 1
    NO MINVALUE
    NO MAXVALUE
    CACHE 1
);


--
-- Name: moon; Type: TABLE; Schema: public; Owner: freecodecamp
--

CREATE TABLE public.moon (
    moon_id integer NOT NULL,
    name character varying(20) NOT NULL,
    description text,
    age_in_years bigint,
    distance_from_earth numeric,
    is_spherical boolean NOT NULL,
    planet_id integer NOT NULL
);


ALTER TABLE public.moon OWNER TO freecodecamp;

--
-- Name: moon_moon_id_seq; Type: SEQUENCE; Schema: public; Owner: freecodecamp
--

ALTER TABLE public.moon ALTER COLUMN moon_id ADD GENERATED ALWAYS AS IDENTITY (
    SEQUENCE NAME public.moon_moon_id_seq
    START WITH 1
    INCREMENT BY 1
    NO MINVALUE
    NO MAXVALUE
    CACHE 1
);


--
-- Name: planet; Type: TABLE; Schema: public; Owner: freecodecamp
--

CREATE TABLE public.planet (
    planet_id integer NOT NULL,
    name character varying(20) NOT NULL,
    age_in_years bigint,
    planet_types character varying(20),
    distance_from_earth numeric,
    has_life boolean NOT NULL,
    no_of_moons integer,
    rev_earth_days integer,
    star_id integer NOT NULL
);


ALTER TABLE public.planet OWNER TO freecodecamp;

--
-- Name: planet_planet_id_seq; Type: SEQUENCE; Schema: public; Owner: freecodecamp
--

ALTER TABLE public.planet ALTER COLUMN planet_id ADD GENERATED BY DEFAULT AS IDENTITY (
    SEQUENCE NAME public.planet_planet_id_seq
    START WITH 1
    INCREMENT BY 1
    NO MINVALUE
    NO MAXVALUE
    CACHE 1
);


--
-- Name: star; Type: TABLE; Schema: public; Owner: freecodecamp
--

CREATE TABLE public.star (
    star_id integer NOT NULL,
    name character varying(20) NOT NULL,
    description text,
    distance_from_earth numeric,
    galaxy_id integer NOT NULL
);


ALTER TABLE public.star OWNER TO freecodecamp;

--
-- Name: elements elements_id; Type: DEFAULT; Schema: public; Owner: freecodecamp
--

ALTER TABLE ONLY public.elements ALTER COLUMN elements_id SET DEFAULT nextval('public.elements_elements_id_seq'::regclass);


--
-- Data for Name: elements; Type: TABLE DATA; Schema: public; Owner: freecodecamp
--

INSERT INTO public.elements VALUES (1, 'Hydrogen', 3);
INSERT INTO public.elements VALUES (2, 'Oxygen', 3);
INSERT INTO public.elements VALUES (3, 'Methane', 8);


--
-- Data for Name: galaxy; Type: TABLE DATA; Schema: public; Owner: freecodecamp
--

INSERT INTO public.galaxy OVERRIDING SYSTEM VALUE VALUES (1, 'Milky Way', 'The galaxy that includes the solar system with the name describing the appearance from Earth', 'spiral', 100000000000);
INSERT INTO public.galaxy OVERRIDING SYSTEM VALUE VALUES (2, 'Andromeda', 'Great spiral galaxy in the constellation Andromeda', 'spiral', 1000000000000);
INSERT INTO public.galaxy OVERRIDING SYSTEM VALUE VALUES (3, 'Messier 82', 'Starburst galaxy approximately 12 million light years away', 'starburst', 30000000);
INSERT INTO public.galaxy OVERRIDING SYSTEM VALUE VALUES (4, 'Hoags Object', 'Unusual ring galaxy in the constellation of Serpens Caput', 'ring', 8000000000);
INSERT INTO public.galaxy OVERRIDING SYSTEM VALUE VALUES (5, 'Black Object', 'Relatively isolated spiral galaxy 17 million light years away', 'spiral', 100000000000);
INSERT INTO public.galaxy OVERRIDING SYSTEM VALUE VALUES (6, 'Cartwheel', 'Lenticular ring galaxy about 500 million light years away', 'spiral ring', 100000000000);


--
-- Data for Name: moon; Type: TABLE DATA; Schema: public; Owner: freecodecamp
--

INSERT INTO public.moon OVERRIDING SYSTEM VALUE VALUES (1, 'Luna', 'Earth moon', 4530000000000, 384400, true, 3);
INSERT INTO public.moon OVERRIDING SYSTEM VALUE VALUES (2, 'Phobos', 'Mars moon', 1000000000, 77790000, false, 4);
INSERT INTO public.moon OVERRIDING SYSTEM VALUE VALUES (3, 'Deimos', 'Mars moon', 1000000000, 77790000, false, 4);
INSERT INTO public.moon OVERRIDING SYSTEM VALUE VALUES (4, 'Europa', 'Jupiteer moon', 4503000000, 628300000, true, 5);
INSERT INTO public.moon OVERRIDING SYSTEM VALUE VALUES (5, 'Ganymede', 'Jupiter moon', 4503000000, 628300000, true, 5);
INSERT INTO public.moon OVERRIDING SYSTEM VALUE VALUES (6, 'Io', 'Jupiter moon', 4503000000, 628300000, true, 5);
INSERT INTO public.moon OVERRIDING SYSTEM VALUE VALUES (7, 'Callisto', 'Jupiter moon', 4503000000, 628300000, true, 5);
INSERT INTO public.moon OVERRIDING SYSTEM VALUE VALUES (8, 'Titan', 'Saturn moon', 4003000000, 1200000000, true, 6);
INSERT INTO public.moon OVERRIDING SYSTEM VALUE VALUES (9, 'Enceladus', 'Saturn moon', 1000000000, 1272000000, true, 6);
INSERT INTO public.moon OVERRIDING SYSTEM VALUE VALUES (10, 'Mimas', 'Saturn moon', NULL, NULL, true, 6);
INSERT INTO public.moon OVERRIDING SYSTEM VALUE VALUES (11, 'Dione', 'Saturn moon', NULL, NULL, true, 6);
INSERT INTO public.moon OVERRIDING SYSTEM VALUE VALUES (12, 'Hyperion', 'Saturn moon', NULL, NULL, false, 6);
INSERT INTO public.moon OVERRIDING SYSTEM VALUE VALUES (13, 'Phoebe', 'Saturn moon', NULL, NULL, false, 6);
INSERT INTO public.moon OVERRIDING SYSTEM VALUE VALUES (14, 'Titania', 'Uranus moon', NULL, 2723000000, true, 7);
INSERT INTO public.moon OVERRIDING SYSTEM VALUE VALUES (15, 'Miranda', 'Uranus moon', NULL, 2723000000, true, 7);
INSERT INTO public.moon OVERRIDING SYSTEM VALUE VALUES (16, 'Oberon', 'Uranus moon', NULL, NULL, true, 7);
INSERT INTO public.moon OVERRIDING SYSTEM VALUE VALUES (17, 'Triton', 'Neptune moon', 4503000000, 4338000000, true, 8);
INSERT INTO public.moon OVERRIDING SYSTEM VALUE VALUES (18, 'Galatea', 'Neptune moon', NULL, NULL, false, 8);
INSERT INTO public.moon OVERRIDING SYSTEM VALUE VALUES (19, 'Hippocamp', 'Neptune moon', NULL, NULL, false, 8);
INSERT INTO public.moon OVERRIDING SYSTEM VALUE VALUES (20, 'Charon', 'Pluto moon', NULL, NULL, true, 10);


--
-- Data for Name: planet; Type: TABLE DATA; Schema: public; Owner: freecodecamp
--

INSERT INTO public.planet VALUES (1, 'Mercury', 4503000000, 'terrestrial', 106350000, false, 0, 88, 1);
INSERT INTO public.planet VALUES (2, 'Venus', 4503000000, 'terrestrial', 255230000, false, 0, 243, 1);
INSERT INTO public.planet VALUES (3, 'Earth', 4543000000, 'terrestrial', 0, true, 1, 365, 1);
INSERT INTO public.planet VALUES (4, 'Mars', 4603000000, 'terrestrial', 120300000, false, 2, 687, 1);
INSERT INTO public.planet VALUES (8, 'Neptune', 4503000000, 'jovian', 4327100000, false, 14, 60225, 1);
INSERT INTO public.planet VALUES (5, 'Jupiter', 4603000000, 'jovian', 591600000, false, 79, 4333, 1);
INSERT INTO public.planet VALUES (6, 'Saturn', 4503000000, 'jovian', 1365400000, false, 83, 10585, 1);
INSERT INTO public.planet VALUES (7, 'Uranus', 4503000000, 'jovian', 2832200000, false, 27, 30687, 1);
INSERT INTO public.planet VALUES (9, 'Pluto', 4600000000, 'dwarf', 5123000000, false, 5, 90520, 1);
INSERT INTO public.planet VALUES (10, 'Alpha Centauri Cb', NULL, 'Exoplanet', 4.37, false, 0, 11, 2);
INSERT INTO public.planet VALUES (11, 'Proxima Centauri C', NULL, 'Super-Earth', 4.24, false, 0, 1900, 2);
INSERT INTO public.planet VALUES (14, 'Planet d', NULL, 'Exoplanet', NULL, false, 0, NULL, 2);


--
-- Data for Name: star; Type: TABLE DATA; Schema: public; Owner: freecodecamp
--

INSERT INTO public.star VALUES (1, 'Sol', 'The star at the center of Solar System', 149900000, 1);
INSERT INTO public.star VALUES (2, 'Alpheratz', 'Brightest star in the constellation of Andromeda', 96.87, 1);
INSERT INTO public.star VALUES (3, 'Mirach', 'Prominent star in the constellation of Andromeda', 199, 1);
INSERT INTO public.star VALUES (4, 'Proxima Centauri', 'Low-mass star southern constellation of Centaurus', 4.2465, 1);
INSERT INTO public.star VALUES (5, 'Rigel', 'Blue supergiant star in the constellation of Orion', 864.3, 1);
INSERT INTO public.star VALUES (6, 'Nembus', '5th brightest star in the northern constellation of Andromeda', 169, 1);


--
-- Name: elements_elements_id_seq; Type: SEQUENCE SET; Schema: public; Owner: freecodecamp
--

SELECT pg_catalog.setval('public.elements_elements_id_seq', 3, true);


--
-- Name: galaxy_galaxy_id_seq; Type: SEQUENCE SET; Schema: public; Owner: freecodecamp
--

SELECT pg_catalog.setval('public.galaxy_galaxy_id_seq', 6, true);


--
-- Name: moon_moon_id_seq; Type: SEQUENCE SET; Schema: public; Owner: freecodecamp
--

SELECT pg_catalog.setval('public.moon_moon_id_seq', 20, true);


--
-- Name: planet_planet_id_seq; Type: SEQUENCE SET; Schema: public; Owner: freecodecamp
--

SELECT pg_catalog.setval('public.planet_planet_id_seq', 14, true);


--
-- Name: elements elements_name_key; Type: CONSTRAINT; Schema: public; Owner: freecodecamp
--

ALTER TABLE ONLY public.elements
    ADD CONSTRAINT elements_name_key UNIQUE (name);


--
-- Name: elements elements_pkey; Type: CONSTRAINT; Schema: public; Owner: freecodecamp
--

ALTER TABLE ONLY public.elements
    ADD CONSTRAINT elements_pkey PRIMARY KEY (elements_id);


--
-- Name: galaxy galaxy_galaxy_name_key; Type: CONSTRAINT; Schema: public; Owner: freecodecamp
--

ALTER TABLE ONLY public.galaxy
    ADD CONSTRAINT galaxy_galaxy_name_key UNIQUE (name);


--
-- Name: galaxy galaxy_pkey; Type: CONSTRAINT; Schema: public; Owner: freecodecamp
--

ALTER TABLE ONLY public.galaxy
    ADD CONSTRAINT galaxy_pkey PRIMARY KEY (galaxy_id);


--
-- Name: moon moon_moon_name_key; Type: CONSTRAINT; Schema: public; Owner: freecodecamp
--

ALTER TABLE ONLY public.moon
    ADD CONSTRAINT moon_moon_name_key UNIQUE (name);


--
-- Name: moon moon_pkey; Type: CONSTRAINT; Schema: public; Owner: freecodecamp
--

ALTER TABLE ONLY public.moon
    ADD CONSTRAINT moon_pkey PRIMARY KEY (moon_id);


--
-- Name: planet planet_pkey; Type: CONSTRAINT; Schema: public; Owner: freecodecamp
--

ALTER TABLE ONLY public.planet
    ADD CONSTRAINT planet_pkey PRIMARY KEY (planet_id);


--
-- Name: planet planet_planet_name_key; Type: CONSTRAINT; Schema: public; Owner: freecodecamp
--

ALTER TABLE ONLY public.planet
    ADD CONSTRAINT planet_planet_name_key UNIQUE (name);


--
-- Name: star star_pkey; Type: CONSTRAINT; Schema: public; Owner: freecodecamp
--

ALTER TABLE ONLY public.star
    ADD CONSTRAINT star_pkey PRIMARY KEY (star_id);


--
-- Name: star star_star_name_key; Type: CONSTRAINT; Schema: public; Owner: freecodecamp
--

ALTER TABLE ONLY public.star
    ADD CONSTRAINT star_star_name_key UNIQUE (name);


--
-- Name: elements elements_planet_id_fkey; Type: FK CONSTRAINT; Schema: public; Owner: freecodecamp
--

ALTER TABLE ONLY public.elements
    ADD CONSTRAINT elements_planet_id_fkey FOREIGN KEY (planet_id) REFERENCES public.planet(planet_id);


--
-- Name: moon moon_planet_id_fkey; Type: FK CONSTRAINT; Schema: public; Owner: freecodecamp
--

ALTER TABLE ONLY public.moon
    ADD CONSTRAINT moon_planet_id_fkey FOREIGN KEY (planet_id) REFERENCES public.planet(planet_id);


--
-- Name: planet planet_star_id_fkey; Type: FK CONSTRAINT; Schema: public; Owner: freecodecamp
--

ALTER TABLE ONLY public.planet
    ADD CONSTRAINT planet_star_id_fkey FOREIGN KEY (star_id) REFERENCES public.star(star_id);


--
-- Name: star star_galaxy_id_fkey; Type: FK CONSTRAINT; Schema: public; Owner: freecodecamp
--

ALTER TABLE ONLY public.star
    ADD CONSTRAINT star_galaxy_id_fkey FOREIGN KEY (galaxy_id) REFERENCES public.galaxy(galaxy_id);


--
-- PostgreSQL database dump complete
--

